<?xml version="1.0" encoding="UTF-8" ?>
<!DOCTYPE mapper PUBLIC "-//mybatis.org//DTD Mapper 3.0//EN" "http://mybatis.org/dtd/mybatis-3-mapper.dtd" >

<mapper namespace="sustc.cs209.github.dao.mapper.RepositoryMapper">

    <select id="getContributors" resultType="sustc.cs209.github.dao.entity.User">
        SELECT *
        FROM `t_ds_user`
        WHERE `id` IN (
            SELECT `user`
            FROM `t_rel_repo_contributor`
            WHERE `repo` = #{repo_id}
        );
    </select>

    <select id="getIssues" resultType="sustc.cs209.github.dao.entity.Issue">
        SELECT *
        FROM `t_ds_issue`
        WHERE `repo` = #{repo_id};
    </select>

    <select id="getCommits" resultType="sustc.cs209.github.dao.entity.Commit">
        SELECT *
        FROM `t_ds_commit`
        WHERE `repo` = #{repo_id};
    </select>

    <select id="getReleases" resultType="sustc.cs209.github.dao.entity.Release">
        SELECT *
        FROM `t_ds_release`
        WHERE `repo` = #{repo_id};
    </select>

    <select id="getRepos" resultType="sustc.cs209.github.dao.entity.Repository">
        SELECT *
        FROM `t_ds_repo`;
    </select>

</mapper>
